{
  "id": "MDG Server 1.18.1",
  "time": "2022-03-01T13:04:03-06:00",
  "releaseTime": "2021-12-10T02:23:00-06:00",
  "type": "release",
  "mainClass": "cpw.mods.bootstraplauncher.BootstrapLauncher",
  "minimumLauncherVersion": 21,
  "arguments": {
    "game": [
      {
        "values": [
          "--username"
        ]
      },
      {
        "values": [
          "${auth_player_name}"
        ]
      },
      {
        "values": [
          "--version"
        ]
      },
      {
        "values": [
          "${version_name}"
        ]
      },
      {
        "values": [
          "--gameDir"
        ]
      },
      {
        "values": [
          "${game_directory}"
        ]
      },
      {
        "values": [
          "--assetsDir"
        ]
      },
      {
        "values": [
          "${assets_root}"
        ]
      },
      {
        "values": [
          "--assetIndex"
        ]
      },
      {
        "values": [
          "${assets_index_name}"
        ]
      },
      {
        "values": [
          "--uuid"
        ]
      },
      {
        "values": [
          "${auth_uuid}"
        ]
      },
      {
        "values": [
          "--accessToken"
        ]
      },
      {
        "values": [
          "${auth_access_token}"
        ]
      },
      {
        "values": [
          "--clientId"
        ]
      },
      {
        "values": [
          "${clientid}"
        ]
      },
      {
        "values": [
          "--xuid"
        ]
      },
      {
        "values": [
          "${auth_xuid}"
        ]
      },
      {
        "values": [
          "--userType"
        ]
      },
      {
        "values": [
          "${user_type}"
        ]
      },
      {
        "values": [
          "--versionType"
        ]
      },
      {
        "values": [
          "${version_type}"
        ]
      },
      {
        "values": [
          "--demo"
        ],
        "rules": [
          {
            "action": "allow",
            "features": {
              "is_demo_user": true
            }
          }
        ]
      },
      {
        "values": [
          "--width",
          "${resolution_width}",
          "--height",
          "${resolution_height}"
        ],
        "rules": [
          {
            "action": "allow",
            "features": {
              "has_custom_resolution": true
            }
          }
        ]
      },
      {
        "values": [
          "--launchTarget"
        ]
      },
      {
        "values": [
          "forgeclient"
        ]
      },
      {
        "values": [
          "--fml.forgeVersion"
        ]
      },
      {
        "values": [
          "39.1.2"
        ]
      },
      {
        "values": [
          "--fml.mcVersion"
        ]
      },
      {
        "values": [
          "1.18.1"
        ]
      },
      {
        "values": [
          "--fml.forgeGroup"
        ]
      },
      {
        "values": [
          "net.minecraftforge"
        ]
      },
      {
        "values": [
          "--fml.mcpVersion"
        ]
      },
      {
        "values": [
          "20211210.034407"
        ]
      }
    ],
    "jvm": [
      {
        "values": [
          "-XstartOnFirstThread"
        ],
        "rules": [
          {
            "action": "allow",
            "os": {
              "name": "osx"
            }
          }
        ]
      },
      {
        "values": [
          "-XX:HeapDumpPath=MojangTricksIntelDriversForPerformance_javaw.exe_minecraft.exe.heapdump"
        ],
        "rules": [
          {
            "action": "allow",
            "os": {
              "name": "windows"
            }
          }
        ]
      },
      {
        "values": [
          "-Dos.name=Windows 10",
          "-Dos.version=10.0"
        ],
        "rules": [
          {
            "action": "allow",
            "os": {
              "name": "windows",
              "version": "^10\\."
            }
          }
        ]
      },
      {
        "values": [
          "-Xss1M"
        ],
        "rules": [
          {
            "action": "allow",
            "os": {}
          }
        ]
      },
      {
        "values": [
          "-Djava.library.path=${natives_directory}"
        ]
      },
      {
        "values": [
          "-Dminecraft.launcher.brand=${launcher_name}"
        ]
      },
      {
        "values": [
          "-Dminecraft.launcher.version=${launcher_version}"
        ]
      },
      {
        "values": [
          "-cp"
        ]
      },
      {
        "values": [
          "${classpath}"
        ]
      },
      {
        "values": [
          "-DignoreList=bootstraplauncher,securejarhandler,asm-commons,asm-util,asm-analysis,asm-tree,asm,client-extra,fmlcore,javafmllanguage,mclanguage,forge-,${version_name}.jar"
        ]
      },
      {
        "values": [
          "-DmergeModules=jna-5.8.0.jar,jna-platform-58.0.jar,java-objc-bridge-1.0.0.jar"
        ]
      },
      {
        "values": [
          "-DlibraryDirectory=${library_directory}"
        ]
      },
      {
        "values": [
          "-p"
        ]
      },
      {
        "values": [
          "${library_directory}/cpw/mods/bootstraplauncher/1.0.0/bootstraplauncher-1.0.0.jar${classpath_separator}${library_directory}/cpw/mods/securejarhandler/1.0.3/securejarhandler-1.0.3.jar${classpath_separator}${library_directory}/org/ow2/asm/asm-commons/9.2/asm-commons-9.2.jar${classpath_separator}${library_directory}/org/ow2/asm/asm-util/9.2/asm-util-9.2.jar${classpath_separator}${library_directory}/org/ow2/asm/asm-analysis/9.2/asm-analysis-9.2.jar${classpath_separator}${library_directory}/org/ow2/asm/asm-tree/9.2/asm-tree-9.2.jar${classpath_separator}${library_directory}/org/ow2/asm/asm/9.2/asm-9.2.jar"
        ]
      },
      {
        "values": [
          "--add-modules"
        ]
      },
      {
        "values": [
          "ALL-MODULE-PATH"
        ]
      },
      {
        "values": [
          "--add-opens"
        ]
      },
      {
        "values": [
          "java.base/java.util.jar=cpw.mods.securejarhandler"
        ]
      },
      {
        "values": [
          "--add-exports"
        ]
      },
      {
        "values": [
          "java.base/sun.security.util=cpw.mods.securejarhandler"
        ]
      },
      {
        "values": [
          "--add-exports"
        ]
      },
      {
        "values": [
          "jdk.naming.dns/com.sun.jndi.dns=java.naming"
        ]
      }
    ]
  },
  "assets": "1.18",
  "libraries": [
    {
      "name": "cpw.mods:securejarhandler:1.0.3",
      "artifact": {
        "sha1": "acbf5e3c8a38fb8bf824a54fe45eee121c510392",
        "size": 103266,
        "path": "cpw/mods/securejarhandler/1.0.3/securejarhandler-1.0.3.jar",
        "url": "https://maven.minecraftforge.net/cpw/mods/securejarhandler/1.0.3/securejarhandler-1.0.3.jar"
      }
    },
    {
      "name": "org.ow2.asm:asm:9.2",
      "artifact": {
        "sha1": "81a03f76019c67362299c40e0ba13405f5467bff",
        "size": 122004,
        "path": "org/ow2/asm/asm/9.2/asm-9.2.jar",
        "url": "https://maven.minecraftforge.net/org/ow2/asm/asm/9.2/asm-9.2.jar"
      }
    },
    {
      "name": "org.ow2.asm:asm-commons:9.2",
      "artifact": {
        "sha1": "f4d7f0fc9054386f2893b602454d48e07d4fbead",
        "size": 72642,
        "path": "org/ow2/asm/asm-commons/9.2/asm-commons-9.2.jar",
        "url": "https://maven.minecraftforge.net/org/ow2/asm/asm-commons/9.2/asm-commons-9.2.jar"
      }
    },
    {
      "name": "org.ow2.asm:asm-tree:9.2",
      "artifact": {
        "sha1": "d96c99a30f5e1a19b0e609dbb19a44d8518ac01e",
        "size": 52660,
        "path": "org/ow2/asm/asm-tree/9.2/asm-tree-9.2.jar",
        "url": "https://maven.minecraftforge.net/org/ow2/asm/asm-tree/9.2/asm-tree-9.2.jar"
      }
    },
    {
      "name": "org.ow2.asm:asm-util:9.2",
      "artifact": {
        "sha1": "fbc178fc5ba3dab50fd7e8a5317b8b647c8e8946",
        "size": 84854,
        "path": "org/ow2/asm/asm-util/9.2/asm-util-9.2.jar",
        "url": "https://maven.minecraftforge.net/org/ow2/asm/asm-util/9.2/asm-util-9.2.jar"
      }
    },
    {
      "name": "org.ow2.asm:asm-analysis:9.2",
      "artifact": {
        "sha1": "7487dd756daf96cab9986e44b9d7bcb796a61c10",
        "size": 34257,
        "path": "org/ow2/asm/asm-analysis/9.2/asm-analysis-9.2.jar",
        "url": "https://maven.minecraftforge.net/org/ow2/asm/asm-analysis/9.2/asm-analysis-9.2.jar"
      }
    },
    {
      "name": "net.minecraftforge:accesstransformers:8.0.4",
      "artifact": {
        "sha1": "272d240aa73f42195b2a68e2ebd8b701ecf41f63",
        "size": 77756,
        "path": "net/minecraftforge/accesstransformers/8.0.4/accesstransformers-8.0.4.jar",
        "url": "https://maven.minecraftforge.net/net/minecraftforge/accesstransformers/8.0.4/accesstransformers-8.0.4.jar"
      }
    },
    {
      "name": "org.antlr:antlr4-runtime:4.9.1",
      "artifact": {
        "sha1": "428664f05d2b7f7b7610204b5aa7c1763f62011a",
        "size": 337868,
        "path": "org/antlr/antlr4-runtime/4.9.1/antlr4-runtime-4.9.1.jar",
        "url": "https://maven.minecraftforge.net/org/antlr/antlr4-runtime/4.9.1/antlr4-runtime-4.9.1.jar"
      }
    },
    {
      "name": "net.minecraftforge:eventbus:5.0.3",
      "artifact": {
        "sha1": "f2317ed9d19271be8727a71ae3e5dfeb62715594",
        "size": 42838,
        "path": "net/minecraftforge/eventbus/5.0.3/eventbus-5.0.3.jar",
        "url": "https://maven.minecraftforge.net/net/minecraftforge/eventbus/5.0.3/eventbus-5.0.3.jar"
      }
    },
    {
      "name": "net.minecraftforge:forgespi:4.0.10",
      "artifact": {
        "sha1": "e08fb9a9e485abbbd380516c222e2b502eb0718e",
        "size": 21869,
        "path": "net/minecraftforge/forgespi/4.0.10/forgespi-4.0.10.jar",
        "url": "https://maven.minecraftforge.net/net/minecraftforge/forgespi/4.0.10/forgespi-4.0.10.jar"
      }
    },
    {
      "name": "net.minecraftforge:coremods:5.0.1",
      "artifact": {
        "sha1": "386b00279628b105b2d507539c46e134e96f6237",
        "size": 24199,
        "path": "net/minecraftforge/coremods/5.0.1/coremods-5.0.1.jar",
        "url": "https://maven.minecraftforge.net/net/minecraftforge/coremods/5.0.1/coremods-5.0.1.jar"
      }
    },
    {
      "name": "cpw.mods:modlauncher:9.1.3",
      "artifact": {
        "sha1": "7339d0e87813c366d706c3fdba479455e2283ecd",
        "size": 129301,
        "path": "cpw/mods/modlauncher/9.1.3/modlauncher-9.1.3.jar",
        "url": "https://maven.minecraftforge.net/cpw/mods/modlauncher/9.1.3/modlauncher-9.1.3.jar"
      }
    },
    {
      "name": "net.minecraftforge:unsafe:0.2.0",
      "artifact": {
        "sha1": "54d7a0a5e8fdb71b973025caa46f341ae5904f39",
        "size": 2834,
        "path": "net/minecraftforge/unsafe/0.2.0/unsafe-0.2.0.jar",
        "url": "https://maven.minecraftforge.net/net/minecraftforge/unsafe/0.2.0/unsafe-0.2.0.jar"
      }
    },
    {
      "name": "com.electronwill.night-config:core:3.6.4",
      "artifact": {
        "sha1": "510f174abbf1c947494db50ef2445683bd52c230",
        "size": 199834,
        "path": "com/electronwill/night-config/core/3.6.4/core-3.6.4.jar",
        "url": "https://maven.minecraftforge.net/com/electronwill/night-config/core/3.6.4/core-3.6.4.jar"
      }
    },
    {
      "name": "com.electronwill.night-config:toml:3.6.4",
      "artifact": {
        "sha1": "51d6cefb2b55ee55ee26b16391212fb2c7dfb4f4",
        "size": 31816,
        "path": "com/electronwill/night-config/toml/3.6.4/toml-3.6.4.jar",
        "url": "https://maven.minecraftforge.net/com/electronwill/night-config/toml/3.6.4/toml-3.6.4.jar"
      }
    },
    {
      "name": "org.apache.maven:maven-artifact:3.6.3",
      "artifact": {
        "sha1": "f8ff8032903882376e8d000c51e3e16d20fc7df7",
        "size": 57824,
        "path": "org/apache/maven/maven-artifact/3.6.3/maven-artifact-3.6.3.jar",
        "url": "https://maven.minecraftforge.net/org/apache/maven/maven-artifact/3.6.3/maven-artifact-3.6.3.jar"
      }
    },
    {
      "name": "org.apache.commons:commons-lang3:3.12.0",
      "artifact": {
        "sha1": "c6842c86792ff03b9f1d1fe2aab8dc23aa6c6f0e",
        "size": 587402,
        "path": "org/apache/commons/commons-lang3/3.12.0/commons-lang3-3.12.0.jar",
        "url": "https://libraries.minecraft.net/org/apache/commons/commons-lang3/3.12.0/commons-lang3-3.12.0.jar"
      }
    },
    {
      "name": "net.jodah:typetools:0.8.3",
      "artifact": {
        "sha1": "98f84f353457629e81cc6827224871b1a8faa7af",
        "size": 15425,
        "path": "net/jodah/typetools/0.8.3/typetools-0.8.3.jar",
        "url": "https://maven.minecraftforge.net/net/jodah/typetools/0.8.3/typetools-0.8.3.jar"
      }
    },
    {
      "name": "org.apache.logging.log4j:log4j-api:2.15.0",
      "artifact": {
        "sha1": "4a5aa7e55a29391c6f66e0b259d5189aa11e45d0",
        "size": 301804,
        "path": "org/apache/logging/log4j/log4j-api/2.15.0/log4j-api-2.15.0.jar",
        "url": "https://libraries.minecraft.net/org/apache/logging/log4j/log4j-api/2.15.0/log4j-api-2.15.0.jar"
      }
    },
    {
      "name": "org.apache.logging.log4j:log4j-core:2.15.0",
      "artifact": {
        "sha1": "ba55c13d7ac2fd44df9cc8074455719a33f375b9",
        "size": 1789769,
        "path": "org/apache/logging/log4j/log4j-core/2.15.0/log4j-core-2.15.0.jar",
        "url": "https://libraries.minecraft.net/org/apache/logging/log4j/log4j-core/2.15.0/log4j-core-2.15.0.jar"
      }
    },
    {
      "name": "org.apache.logging.log4j:log4j-slf4j18-impl:2.15.0",
      "artifact": {
        "sha1": "88f72ad364bfc3a7cf43186fc17212f2b4bb8d97",
        "size": 21223,
        "path": "org/apache/logging/log4j/log4j-slf4j18-impl/2.15.0/log4j-slf4j18-impl-2.15.0.jar",
        "url": "https://libraries.minecraft.net/org/apache/logging/log4j/log4j-slf4j18-impl/2.15.0/log4j-slf4j18-impl-2.15.0.jar"
      }
    },
    {
      "name": "net.minecrell:terminalconsoleappender:1.2.0",
      "artifact": {
        "sha1": "96d02cd3b384ff015a8fef4223bcb4ccf1717c95",
        "size": 15977,
        "path": "net/minecrell/terminalconsoleappender/1.2.0/terminalconsoleappender-1.2.0.jar",
        "url": "https://maven.minecraftforge.net/net/minecrell/terminalconsoleappender/1.2.0/terminalconsoleappender-1.2.0.jar"
      }
    },
    {
      "name": "org.jline:jline-reader:3.12.1",
      "artifact": {
        "sha1": "4382ab1382c7b6f379377ed5f665dc2f6e1218bc",
        "size": 150765,
        "path": "org/jline/jline-reader/3.12.1/jline-reader-3.12.1.jar",
        "url": "https://maven.minecraftforge.net/org/jline/jline-reader/3.12.1/jline-reader-3.12.1.jar"
      }
    },
    {
      "name": "org.jline:jline-terminal:3.12.1",
      "artifact": {
        "sha1": "c777448314e050d980a6b697c140f3bfe9eb7416",
        "size": 211712,
        "path": "org/jline/jline-terminal/3.12.1/jline-terminal-3.12.1.jar",
        "url": "https://maven.minecraftforge.net/org/jline/jline-terminal/3.12.1/jline-terminal-3.12.1.jar"
      }
    },
    {
      "name": "net.sf.jopt-simple:jopt-simple:5.0.4",
      "artifact": {
        "sha1": "4fdac2fbe92dfad86aa6e9301736f6b4342a3f5c",
        "size": 78146,
        "path": "net/sf/jopt-simple/jopt-simple/5.0.4/jopt-simple-5.0.4.jar",
        "url": "https://libraries.minecraft.net/net/sf/jopt-simple/jopt-simple/5.0.4/jopt-simple-5.0.4.jar"
      }
    },
    {
      "name": "org.spongepowered:mixin:0.8.5",
      "artifact": {
        "sha1": "9d1c0c3a304ae6697ecd477218fa61b850bf57fc",
        "size": 1089277,
        "path": "org/spongepowered/mixin/0.8.5/mixin-0.8.5.jar",
        "url": "https://maven.minecraftforge.net/org/spongepowered/mixin/0.8.5/mixin-0.8.5.jar"
      }
    },
    {
      "name": "org.openjdk.nashorn:nashorn-core:15.3",
      "artifact": {
        "sha1": "43977e804697048fc8d81d333a36c17d07a5b3dd",
        "size": 2167288,
        "path": "org/openjdk/nashorn/nashorn-core/15.3/nashorn-core-15.3.jar",
        "url": "https://maven.minecraftforge.net/org/openjdk/nashorn/nashorn-core/15.3/nashorn-core-15.3.jar"
      }
    },
    {
      "name": "com.google.guava:guava:31.0.1-jre",
      "artifact": {
        "sha1": "119ea2b2bc205b138974d351777b20f02b92704b",
        "size": 2974216,
        "path": "com/google/guava/guava/31.0.1-jre/guava-31.0.1-jre.jar",
        "url": "https://libraries.minecraft.net/com/google/guava/guava/31.0.1-jre/guava-31.0.1-jre.jar"
      }
    },
    {
      "name": "com.google.code.gson:gson:2.8.8",
      "artifact": {
        "sha1": "431fc3cbc0ff81abdbfde070062741089c3ba874",
        "size": 242047,
        "path": "com/google/code/gson/gson/2.8.8/gson-2.8.8.jar",
        "url": "https://libraries.minecraft.net/com/google/code/gson/gson/2.8.8/gson-2.8.8.jar"
      }
    },
    {
      "name": "cpw.mods:bootstraplauncher:1.0.0",
      "artifact": {
        "sha1": "f55ddbb35612c6745cefc47d1a0d6dbfb25d3982",
        "size": 7828,
        "path": "cpw/mods/bootstraplauncher/1.0.0/bootstraplauncher-1.0.0.jar",
        "url": "https://maven.minecraftforge.net/cpw/mods/bootstraplauncher/1.0.0/bootstraplauncher-1.0.0.jar"
      }
    },
    {
      "name": "net.minecraftforge:fmlloader:1.18.1-39.1.2",
      "artifact": {
        "sha1": "8c61723e1cc4b53c7944eebc6995350579d8a4de",
        "size": 236507,
        "path": "net/minecraftforge/fmlloader/1.18.1-39.1.2/fmlloader-1.18.1-39.1.2.jar",
        "url": "https://maven.minecraftforge.net/net/minecraftforge/fmlloader/1.18.1-39.1.2/fmlloader-1.18.1-39.1.2.jar"
      }
    },
    {
      "name": "com.mojang:blocklist:1.0.6",
      "artifact": {
        "sha1": "7039c2c6209064ee4132cea7a0737b63b92c725e",
        "size": 964,
        "path": "com/mojang/blocklist/1.0.6/blocklist-1.0.6.jar",
        "url": "https://libraries.minecraft.net/com/mojang/blocklist/1.0.6/blocklist-1.0.6.jar"
      }
    },
    {
      "name": "com.mojang:patchy:2.1.6",
      "artifact": {
        "sha1": "ce112c16c6275fdfff2d30208533ec906a191f71",
        "size": 10090,
        "path": "com/mojang/patchy/2.1.6/patchy-2.1.6.jar",
        "url": "https://libraries.minecraft.net/com/mojang/patchy/2.1.6/patchy-2.1.6.jar"
      }
    },
    {
      "name": "com.github.oshi:oshi-core:5.8.2",
      "artifact": {
        "sha1": "3a4c610d5991654009653e55b3204065441e2f0d",
        "size": 879038,
        "path": "com/github/oshi/oshi-core/5.8.2/oshi-core-5.8.2.jar",
        "url": "https://libraries.minecraft.net/com/github/oshi/oshi-core/5.8.2/oshi-core-5.8.2.jar"
      }
    },
    {
      "name": "net.java.dev.jna:jna:5.9.0",
      "artifact": {
        "sha1": "8f503e6d9b500ceff299052d6be75b38c7257758",
        "size": 1729586,
        "path": "net/java/dev/jna/jna/5.9.0/jna-5.9.0.jar",
        "url": "https://libraries.minecraft.net/net/java/dev/jna/jna/5.9.0/jna-5.9.0.jar"
      }
    },
    {
      "name": "net.java.dev.jna:jna-platform:5.9.0",
      "artifact": {
        "sha1": "c535a5bda553d7d7690356c825010da74b2671b5",
        "size": 1343236,
        "path": "net/java/dev/jna/jna-platform/5.9.0/jna-platform-5.9.0.jar",
        "url": "https://libraries.minecraft.net/net/java/dev/jna/jna-platform/5.9.0/jna-platform-5.9.0.jar"
      }
    },
    {
      "name": "org.slf4j:slf4j-api:1.8.0-beta4",
      "artifact": {
        "sha1": "83b0359d847ee053d745be7ec0d8e9e8a44304b4",
        "size": 44213,
        "path": "org/slf4j/slf4j-api/1.8.0-beta4/slf4j-api-1.8.0-beta4.jar",
        "url": "https://libraries.minecraft.net/org/slf4j/slf4j-api/1.8.0-beta4/slf4j-api-1.8.0-beta4.jar"
      }
    },
    {
      "name": "org.apache.logging.log4j:log4j-slf4j18-impl:2.14.1",
      "artifact": {
        "sha1": "312b4d91b21160b9fab43600fa787f31e8cab930",
        "size": 20688,
        "path": "org/apache/logging/log4j/log4j-slf4j18-impl/2.14.1/log4j-slf4j18-impl-2.14.1.jar",
        "url": "https://libraries.minecraft.net/org/apache/logging/log4j/log4j-slf4j18-impl/2.14.1/log4j-slf4j18-impl-2.14.1.jar"
      }
    },
    {
      "name": "com.ibm.icu:icu4j:69.1",
      "artifact": {
        "sha1": "ff666ac55986650893aacb9e2e0003538e9799c0",
        "size": 13356812,
        "path": "com/ibm/icu/icu4j/69.1/icu4j-69.1.jar",
        "url": "https://libraries.minecraft.net/com/ibm/icu/icu4j/69.1/icu4j-69.1.jar"
      }
    },
    {
      "name": "com.mojang:javabridge:1.2.24",
      "artifact": {
        "sha1": "0c876796229b2ef5120f186eab5acc870699d3b9",
        "size": 6053,
        "path": "com/mojang/javabridge/1.2.24/javabridge-1.2.24.jar",
        "url": "https://libraries.minecraft.net/com/mojang/javabridge/1.2.24/javabridge-1.2.24.jar"
      }
    },
    {
      "name": "net.sf.jopt-simple:jopt-simple:5.0.4",
      "artifact": {
        "sha1": "4fdac2fbe92dfad86aa6e9301736f6b4342a3f5c",
        "size": 78146,
        "path": "net/sf/jopt-simple/jopt-simple/5.0.4/jopt-simple-5.0.4.jar",
        "url": "https://libraries.minecraft.net/net/sf/jopt-simple/jopt-simple/5.0.4/jopt-simple-5.0.4.jar"
      }
    },
    {
      "name": "io.netty:netty-all:4.1.68.Final",
      "artifact": {
        "sha1": "b8266a3c93c1c051109f71d3449e5dcd5d60b333",
        "size": 4515045,
        "path": "io/netty/netty-all/4.1.68.Final/netty-all-4.1.68.Final.jar",
        "url": "https://libraries.minecraft.net/io/netty/netty-all/4.1.68.Final/netty-all-4.1.68.Final.jar"
      }
    },
    {
      "name": "com.google.guava:failureaccess:1.0.1",
      "artifact": {
        "sha1": "1dcf1de382a0bf95a3d8b0849546c88bac1292c9",
        "size": 4617,
        "path": "com/google/guava/failureaccess/1.0.1/failureaccess-1.0.1.jar",
        "url": "https://libraries.minecraft.net/com/google/guava/failureaccess/1.0.1/failureaccess-1.0.1.jar"
      }
    },
    {
      "name": "com.google.guava:guava:31.0.1-jre",
      "artifact": {
        "sha1": "119ea2b2bc205b138974d351777b20f02b92704b",
        "size": 2974216,
        "path": "com/google/guava/guava/31.0.1-jre/guava-31.0.1-jre.jar",
        "url": "https://libraries.minecraft.net/com/google/guava/guava/31.0.1-jre/guava-31.0.1-jre.jar"
      }
    },
    {
      "name": "org.apache.commons:commons-lang3:3.12.0",
      "artifact": {
        "sha1": "c6842c86792ff03b9f1d1fe2aab8dc23aa6c6f0e",
        "size": 587402,
        "path": "org/apache/commons/commons-lang3/3.12.0/commons-lang3-3.12.0.jar",
        "url": "https://libraries.minecraft.net/org/apache/commons/commons-lang3/3.12.0/commons-lang3-3.12.0.jar"
      }
    },
    {
      "name": "commons-io:commons-io:2.11.0",
      "artifact": {
        "sha1": "a2503f302b11ebde7ebc3df41daebe0e4eea3689",
        "size": 327135,
        "path": "commons-io/commons-io/2.11.0/commons-io-2.11.0.jar",
        "url": "https://libraries.minecraft.net/commons-io/commons-io/2.11.0/commons-io-2.11.0.jar"
      }
    },
    {
      "name": "commons-codec:commons-codec:1.15",
      "artifact": {
        "sha1": "49d94806b6e3dc933dacbd8acb0fdbab8ebd1e5d",
        "size": 353793,
        "path": "commons-codec/commons-codec/1.15/commons-codec-1.15.jar",
        "url": "https://libraries.minecraft.net/commons-codec/commons-codec/1.15/commons-codec-1.15.jar"
      }
    },
    {
      "name": "com.mojang:brigadier:1.0.18",
      "artifact": {
        "sha1": "c1ef1234282716483c92183f49bef47b1a89bfa9",
        "size": 77116,
        "path": "com/mojang/brigadier/1.0.18/brigadier-1.0.18.jar",
        "url": "https://libraries.minecraft.net/com/mojang/brigadier/1.0.18/brigadier-1.0.18.jar"
      }
    },
    {
      "name": "com.mojang:datafixerupper:4.0.26",
      "artifact": {
        "sha1": "ebd6690f33871ccee9b6132c6480668ee2e35020",
        "size": 673183,
        "path": "com/mojang/datafixerupper/4.0.26/datafixerupper-4.0.26.jar",
        "url": "https://libraries.minecraft.net/com/mojang/datafixerupper/4.0.26/datafixerupper-4.0.26.jar"
      }
    },
    {
      "name": "com.google.code.gson:gson:2.8.8",
      "artifact": {
        "sha1": "431fc3cbc0ff81abdbfde070062741089c3ba874",
        "size": 242047,
        "path": "com/google/code/gson/gson/2.8.8/gson-2.8.8.jar",
        "url": "https://libraries.minecraft.net/com/google/code/gson/gson/2.8.8/gson-2.8.8.jar"
      }
    },
    {
      "name": "com.mojang:authlib:3.2.38",
      "artifact": {
        "sha1": "7bba19e34be22fded9ceb409ca1e8fb7525daf55",
        "size": 102196,
        "path": "com/mojang/authlib/3.2.38/authlib-3.2.38.jar",
        "url": "https://libraries.minecraft.net/com/mojang/authlib/3.2.38/authlib-3.2.38.jar"
      }
    },
    {
      "name": "org.apache.commons:commons-compress:1.21",
      "artifact": {
        "sha1": "4ec95b60d4e86b5c95a0e919cb172a0af98011ef",
        "size": 1018316,
        "path": "org/apache/commons/commons-compress/1.21/commons-compress-1.21.jar",
        "url": "https://libraries.minecraft.net/org/apache/commons/commons-compress/1.21/commons-compress-1.21.jar"
      }
    },
    {
      "name": "org.apache.httpcomponents:httpclient:4.5.13",
      "artifact": {
        "sha1": "e5f6cae5ca7ecaac1ec2827a9e2d65ae2869cada",
        "size": 780321,
        "path": "org/apache/httpcomponents/httpclient/4.5.13/httpclient-4.5.13.jar",
        "url": "https://libraries.minecraft.net/org/apache/httpcomponents/httpclient/4.5.13/httpclient-4.5.13.jar"
      }
    },
    {
      "name": "commons-logging:commons-logging:1.2",
      "artifact": {
        "sha1": "4bfc12adfe4842bf07b657f0369c4cb522955686",
        "size": 61829,
        "path": "commons-logging/commons-logging/1.2/commons-logging-1.2.jar",
        "url": "https://libraries.minecraft.net/commons-logging/commons-logging/1.2/commons-logging-1.2.jar"
      }
    },
    {
      "name": "org.apache.httpcomponents:httpcore:4.4.14",
      "artifact": {
        "sha1": "9dd1a631c082d92ecd4bd8fd4cf55026c720a8c1",
        "size": 328436,
        "path": "org/apache/httpcomponents/httpcore/4.4.14/httpcore-4.4.14.jar",
        "url": "https://libraries.minecraft.net/org/apache/httpcomponents/httpcore/4.4.14/httpcore-4.4.14.jar"
      }
    },
    {
      "name": "it.unimi.dsi:fastutil:8.5.6",
      "artifact": {
        "sha1": "76f95700418a68fbc4ac050525261f05dc681ca1",
        "size": 23565248,
        "path": "it/unimi/dsi/fastutil/8.5.6/fastutil-8.5.6.jar",
        "url": "https://libraries.minecraft.net/it/unimi/dsi/fastutil/8.5.6/fastutil-8.5.6.jar"
      }
    },
    {
      "name": "org.apache.logging.log4j:log4j-api:2.14.1",
      "artifact": {
        "sha1": "cd8858fbbde69f46bce8db1152c18a43328aae78",
        "size": 300365,
        "path": "org/apache/logging/log4j/log4j-api/2.14.1/log4j-api-2.14.1.jar",
        "url": "https://libraries.minecraft.net/org/apache/logging/log4j/log4j-api/2.14.1/log4j-api-2.14.1.jar"
      }
    },
    {
      "name": "org.apache.logging.log4j:log4j-core:2.14.1",
      "artifact": {
        "sha1": "9141212b8507ab50a45525b545b39d224614528b",
        "size": 1745700,
        "path": "org/apache/logging/log4j/log4j-core/2.14.1/log4j-core-2.14.1.jar",
        "url": "https://libraries.minecraft.net/org/apache/logging/log4j/log4j-core/2.14.1/log4j-core-2.14.1.jar"
      }
    },
    {
      "name": "org.lwjgl:lwjgl:3.2.1",
      "rules": [
        {
          "action": "allow",
          "os": {
            "name": "osx"
          }
        }
      ],
      "artifact": {
        "sha1": "2bb514e444994c6fece99a21f76e0c90438e377f",
        "size": 317748,
        "path": "org/lwjgl/lwjgl/3.2.1/lwjgl-3.2.1.jar",
        "url": "https://libraries.minecraft.net/org/lwjgl/lwjgl/3.2.1/lwjgl-3.2.1.jar"
      }
    },
    {
      "name": "org.lwjgl:lwjgl:3.2.2",
      "rules": [
        {
          "action": "allow"
        },
        {
          "action": "disallow",
          "os": {
            "name": "osx"
          }
        }
      ],
      "artifact": {
        "sha1": "8ad6294407e15780b43e84929c40e4c5e997972e",
        "size": 321900,
        "path": "org/lwjgl/lwjgl/3.2.2/lwjgl-3.2.2.jar",
        "url": "https://libraries.minecraft.net/org/lwjgl/lwjgl/3.2.2/lwjgl-3.2.2.jar"
      }
    },
    {
      "name": "org.lwjgl:lwjgl-jemalloc:3.2.1",
      "rules": [
        {
          "action": "allow",
          "os": {
            "name": "osx"
          }
        }
      ],
      "artifact": {
        "sha1": "7a0c583fcbec32b15784f846df536e1837d83666",
        "size": 38616,
        "path": "org/lwjgl/lwjgl-jemalloc/3.2.1/lwjgl-jemalloc-3.2.1.jar",
        "url": "https://libraries.minecraft.net/org/lwjgl/lwjgl-jemalloc/3.2.1/lwjgl-jemalloc-3.2.1.jar"
      }
    },
    {
      "name": "org.lwjgl:lwjgl-jemalloc:3.2.2",
      "rules": [
        {
          "action": "allow"
        },
        {
          "action": "disallow",
          "os": {
            "name": "osx"
          }
        }
      ],
      "artifact": {
        "sha1": "ee8e57a79300f78294576d87c4a587f8c99402e2",
        "size": 34848,
        "path": "org/lwjgl/lwjgl-jemalloc/3.2.2/lwjgl-jemalloc-3.2.2.jar",
        "url": "https://libraries.minecraft.net/org/lwjgl/lwjgl-jemalloc/3.2.2/lwjgl-jemalloc-3.2.2.jar"
      }
    },
    {
      "name": "org.lwjgl:lwjgl-openal:3.2.1",
      "rules": [
        {
          "action": "allow",
          "os": {
            "name": "osx"
          }
        }
      ],
      "artifact": {
        "sha1": "dc7ff2dabb40a141ee9bf2e326d9b1b19f3278fb",
        "size": 80103,
        "path": "org/lwjgl/lwjgl-openal/3.2.1/lwjgl-openal-3.2.1.jar",
        "url": "https://libraries.minecraft.net/org/lwjgl/lwjgl-openal/3.2.1/lwjgl-openal-3.2.1.jar"
      }
    },
    {
      "name": "org.lwjgl:lwjgl-openal:3.2.2",
      "rules": [
        {
          "action": "allow"
        },
        {
          "action": "disallow",
          "os": {
            "name": "osx"
          }
        }
      ],
      "artifact": {
        "sha1": "2b772a102b0a11ee5f2109a5b136f4dc7c630827",
        "size": 80012,
        "path": "org/lwjgl/lwjgl-openal/3.2.2/lwjgl-openal-3.2.2.jar",
        "url": "https://libraries.minecraft.net/org/lwjgl/lwjgl-openal/3.2.2/lwjgl-openal-3.2.2.jar"
      }
    },
    {
      "name": "org.lwjgl:lwjgl-opengl:3.2.1",
      "rules": [
        {
          "action": "allow",
          "os": {
            "name": "osx"
          }
        }
      ],
      "artifact": {
        "sha1": "57008c2374c5bc434b18adfef3f3653ee450ee18",
        "size": 931322,
        "path": "org/lwjgl/lwjgl-opengl/3.2.1/lwjgl-opengl-3.2.1.jar",
        "url": "https://libraries.minecraft.net/org/lwjgl/lwjgl-opengl/3.2.1/lwjgl-opengl-3.2.1.jar"
      }
    },
    {
      "name": "org.lwjgl:lwjgl-opengl:3.2.2",
      "rules": [
        {
          "action": "allow"
        },
        {
          "action": "disallow",
          "os": {
            "name": "osx"
          }
        }
      ],
      "artifact": {
        "sha1": "6ac5bb88b44c43ea195a570aab059f63da004cd8",
        "size": 929780,
        "path": "org/lwjgl/lwjgl-opengl/3.2.2/lwjgl-opengl-3.2.2.jar",
        "url": "https://libraries.minecraft.net/org/lwjgl/lwjgl-opengl/3.2.2/lwjgl-opengl-3.2.2.jar"
      }
    },
    {
      "name": "org.lwjgl:lwjgl-glfw:3.2.1",
      "rules": [
        {
          "action": "allow",
          "os": {
            "name": "osx"
          }
        }
      ],
      "artifact": {
        "sha1": "027abb7f64894b61cad163791acd8113f0b21296",
        "size": 116708,
        "path": "org/lwjgl/lwjgl-glfw/3.2.1/lwjgl-glfw-3.2.1.jar",
        "url": "https://libraries.minecraft.net/org/lwjgl/lwjgl-glfw/3.2.1/lwjgl-glfw-3.2.1.jar"
      }
    },
    {
      "name": "org.lwjgl:lwjgl-glfw:3.2.2",
      "rules": [
        {
          "action": "allow"
        },
        {
          "action": "disallow",
          "os": {
            "name": "osx"
          }
        }
      ],
      "artifact": {
        "sha1": "d3ad4df38e400b8afba1de63f84338809399df5b",
        "size": 108907,
        "path": "org/lwjgl/lwjgl-glfw/3.2.2/lwjgl-glfw-3.2.2.jar",
        "url": "https://libraries.minecraft.net/org/lwjgl/lwjgl-glfw/3.2.2/lwjgl-glfw-3.2.2.jar"
      }
    },
    {
      "name": "org.lwjgl:lwjgl-stb:3.2.1",
      "rules": [
        {
          "action": "allow",
          "os": {
            "name": "osx"
          }
        }
      ],
      "artifact": {
        "sha1": "31f5eb5fce3791d58ec898bc5c1867d76d781ba1",
        "size": 105765,
        "path": "org/lwjgl/lwjgl-stb/3.2.1/lwjgl-stb-3.2.1.jar",
        "url": "https://libraries.minecraft.net/org/lwjgl/lwjgl-stb/3.2.1/lwjgl-stb-3.2.1.jar"
      }
    },
    {
      "name": "org.lwjgl:lwjgl-stb:3.2.2",
      "rules": [
        {
          "action": "allow"
        },
        {
          "action": "disallow",
          "os": {
            "name": "osx"
          }
        }
      ],
      "artifact": {
        "sha1": "3b8e6ebc5851dd3d17e37e5cadce2eff2a429f0f",
        "size": 104469,
        "path": "org/lwjgl/lwjgl-stb/3.2.2/lwjgl-stb-3.2.2.jar",
        "url": "https://libraries.minecraft.net/org/lwjgl/lwjgl-stb/3.2.2/lwjgl-stb-3.2.2.jar"
      }
    },
    {
      "name": "org.lwjgl:lwjgl-tinyfd:3.2.1",
      "rules": [
        {
          "action": "allow",
          "os": {
            "name": "osx"
          }
        }
      ],
      "artifact": {
        "sha1": "259f1dbddb921e27e01b32458d6f584eb8bba13a",
        "size": 7088,
        "path": "org/lwjgl/lwjgl-tinyfd/3.2.1/lwjgl-tinyfd-3.2.1.jar",
        "url": "https://libraries.minecraft.net/org/lwjgl/lwjgl-tinyfd/3.2.1/lwjgl-tinyfd-3.2.1.jar"
      }
    },
    {
      "name": "org.lwjgl:lwjgl-tinyfd:3.2.2",
      "rules": [
        {
          "action": "allow"
        },
        {
          "action": "disallow",
          "os": {
            "name": "osx"
          }
        }
      ],
      "artifact": {
        "sha1": "fcbe606c8f8da6f8f9a05e2c540eb1ee8632b0e9",
        "size": 7092,
        "path": "org/lwjgl/lwjgl-tinyfd/3.2.2/lwjgl-tinyfd-3.2.2.jar",
        "url": "https://libraries.minecraft.net/org/lwjgl/lwjgl-tinyfd/3.2.2/lwjgl-tinyfd-3.2.2.jar"
      }
    },
    {
      "name": "org.lwjgl:lwjgl:3.2.1",
      "rules": [
        {
          "action": "allow",
          "os": {
            "name": "osx"
          }
        }
      ],
      "natives": {
        "osx": "natives-macos"
      },
      "artifact": {
        "sha1": "2bb514e444994c6fece99a21f76e0c90438e377f",
        "size": 317748,
        "path": "org/lwjgl/lwjgl/3.2.1/lwjgl-3.2.1.jar",
        "url": "https://libraries.minecraft.net/org/lwjgl/lwjgl/3.2.1/lwjgl-3.2.1.jar"
      },
      "classifies": {
        "javadoc": {
          "sha1": "1f6b7050737559b775d797c0ea56612b8e373fd6",
          "size": 1287174,
          "path": "org/lwjgl/lwjgl/3.2.1/lwjgl-3.2.1-javadoc.jar",
          "url": "https://libraries.minecraft.net/org/lwjgl/lwjgl/3.2.1/lwjgl-3.2.1-javadoc.jar"
        },
        "linux": {
          "sha1": "9bdd47cd63ce102cec837a396c8ded597cb75a66",
          "size": 87484,
          "path": "org/lwjgl/lwjgl/3.2.1/lwjgl-3.2.1-natives-linux.jar",
          "url": "https://libraries.minecraft.net/org/lwjgl/lwjgl/3.2.1/lwjgl-3.2.1-natives-linux.jar"
        },
        "osx": {
          "sha1": "5a4c271d150906858d475603dcb9479453c60555",
          "size": 39835,
          "path": "org/lwjgl/lwjgl/3.2.1/lwjgl-3.2.1-natives-macos.jar",
          "url": "https://libraries.minecraft.net/org/lwjgl/lwjgl/3.2.1/lwjgl-3.2.1-natives-macos.jar"
        },
        "windows": {
          "sha1": "e799d06b8969db0610e68776e0eff4b6191098bd",
          "size": 255871,
          "path": "org/lwjgl/lwjgl/3.2.1/lwjgl-3.2.1-natives-windows.jar",
          "url": "https://libraries.minecraft.net/org/lwjgl/lwjgl/3.2.1/lwjgl-3.2.1-natives-windows.jar"
        },
        "sources": {
          "sha1": "106f90ac41449004a969309488aa6e3a2f7d6731",
          "size": 255671,
          "path": "org/lwjgl/lwjgl/3.2.1/lwjgl-3.2.1-sources.jar",
          "url": "https://libraries.minecraft.net/org/lwjgl/lwjgl/3.2.1/lwjgl-3.2.1-sources.jar"
        }
      }
    },
    {
      "name": "org.lwjgl:lwjgl:3.2.2",
      "rules": [
        {
          "action": "allow"
        },
        {
          "action": "disallow",
          "os": {
            "name": "osx"
          }
        }
      ],
      "natives": {
        "linux": "natives-linux",
        "windows": "natives-windows"
      },
      "artifact": {
        "sha1": "8ad6294407e15780b43e84929c40e4c5e997972e",
        "size": 321900,
        "path": "org/lwjgl/lwjgl/3.2.2/lwjgl-3.2.2.jar",
        "url": "https://libraries.minecraft.net/org/lwjgl/lwjgl/3.2.2/lwjgl-3.2.2.jar"
      },
      "classifies": {
        "linux": {
          "sha1": "ae7976827ca2a3741f6b9a843a89bacd637af350",
          "size": 124776,
          "path": "org/lwjgl/lwjgl/3.2.2/lwjgl-3.2.2-natives-linux.jar",
          "url": "https://libraries.minecraft.net/org/lwjgl/lwjgl/3.2.2/lwjgl-3.2.2-natives-linux.jar"
        },
        "osx": {
          "sha1": "bbfb75693bdb714c0c69c2c9f9be73d259b43b62",
          "size": 48462,
          "path": "org/lwjgl/lwjgl/3.2.2/lwjgl-3.2.2-natives-macos.jar",
          "url": "https://libraries.minecraft.net/org/lwjgl/lwjgl/3.2.2/lwjgl-3.2.2-natives-macos.jar"
        },
        "windows": {
          "sha1": "05359f3aa50d36352815fc662ea73e1c00d22170",
          "size": 279593,
          "path": "org/lwjgl/lwjgl/3.2.2/lwjgl-3.2.2-natives-windows.jar",
          "url": "https://libraries.minecraft.net/org/lwjgl/lwjgl/3.2.2/lwjgl-3.2.2-natives-windows.jar"
        }
      }
    },
    {
      "name": "org.lwjgl:lwjgl-jemalloc:3.2.1",
      "rules": [
        {
          "action": "allow",
          "os": {
            "name": "osx"
          }
        }
      ],
      "natives": {
        "osx": "natives-macos"
      },
      "artifact": {
        "sha1": "7a0c583fcbec32b15784f846df536e1837d83666",
        "size": 38616,
        "path": "org/lwjgl/lwjgl-jemalloc/3.2.1/lwjgl-jemalloc-3.2.1.jar",
        "url": "https://libraries.minecraft.net/org/lwjgl/lwjgl-jemalloc/3.2.1/lwjgl-jemalloc-3.2.1.jar"
      },
      "classifies": {
        "javadoc": {
          "sha1": "04f6897be1e2d68bff5ec5e91a2b96e32f084c09",
          "size": 461041,
          "path": "org/lwjgl/lwjgl-jemalloc/3.2.1/lwjgl-jemalloc-3.2.1-javadoc.jar",
          "url": "https://libraries.minecraft.net/org/lwjgl/lwjgl-jemalloc/3.2.1/lwjgl-jemalloc-3.2.1-javadoc.jar"
        },
        "linux": {
          "sha1": "5536616b558cea2fea6330ca682fd7c733db9c43",
          "size": 156057,
          "path": "org/lwjgl/lwjgl-jemalloc/3.2.1/lwjgl-jemalloc-3.2.1-natives-linux.jar",
          "url": "https://libraries.minecraft.net/org/lwjgl/lwjgl-jemalloc/3.2.1/lwjgl-jemalloc-3.2.1-natives-linux.jar"
        },
        "osx": {
          "sha1": "439ab9d0264167a949cc7bcce673704322baaf50",
          "size": 117001,
          "path": "org/lwjgl/lwjgl-jemalloc/3.2.1/lwjgl-jemalloc-3.2.1-natives-macos.jar",
          "url": "https://libraries.minecraft.net/org/lwjgl/lwjgl-jemalloc/3.2.1/lwjgl-jemalloc-3.2.1-natives-macos.jar"
        },
        "windows": {
          "sha1": "3c869b3d7638c800b7039cd859d064658643ad6e",
          "size": 218136,
          "path": "org/lwjgl/lwjgl-jemalloc/3.2.1/lwjgl-jemalloc-3.2.1-natives-windows.jar",
          "url": "https://libraries.minecraft.net/org/lwjgl/lwjgl-jemalloc/3.2.1/lwjgl-jemalloc-3.2.1-natives-windows.jar"
        },
        "sources": {
          "sha1": "4450dca46228c02c51bb9bbda70e7cfc3154296d",
          "size": 31279,
          "path": "org/lwjgl/lwjgl-jemalloc/3.2.1/lwjgl-jemalloc-3.2.1-sources.jar",
          "url": "https://libraries.minecraft.net/org/lwjgl/lwjgl-jemalloc/3.2.1/lwjgl-jemalloc-3.2.1-sources.jar"
        }
      }
    },
    {
      "name": "org.lwjgl:lwjgl-jemalloc:3.2.2",
      "rules": [
        {
          "action": "allow"
        },
        {
          "action": "disallow",
          "os": {
            "name": "osx"
          }
        }
      ],
      "natives": {
        "linux": "natives-linux",
        "windows": "natives-windows"
      },
      "artifact": {
        "sha1": "ee8e57a79300f78294576d87c4a587f8c99402e2",
        "size": 34848,
        "path": "org/lwjgl/lwjgl-jemalloc/3.2.2/lwjgl-jemalloc-3.2.2.jar",
        "url": "https://libraries.minecraft.net/org/lwjgl/lwjgl-jemalloc/3.2.2/lwjgl-jemalloc-3.2.2.jar"
      },
      "classifies": {
        "linux": {
          "sha1": "268c08a150347e04e44ba56e359d62c9b78669df",
          "size": 156173,
          "path": "org/lwjgl/lwjgl-jemalloc/3.2.2/lwjgl-jemalloc-3.2.2-natives-linux.jar",
          "url": "https://libraries.minecraft.net/org/lwjgl/lwjgl-jemalloc/3.2.2/lwjgl-jemalloc-3.2.2-natives-linux.jar"
        },
        "osx": {
          "sha1": "805f5a10465375ba034b27b72331912fd2846690",
          "size": 117127,
          "path": "org/lwjgl/lwjgl-jemalloc/3.2.2/lwjgl-jemalloc-3.2.2-natives-macos.jar",
          "url": "https://libraries.minecraft.net/org/lwjgl/lwjgl-jemalloc/3.2.2/lwjgl-jemalloc-3.2.2-natives-macos.jar"
        },
        "windows": {
          "sha1": "338b25b99da3ba5f441f6492f2ce2a9c608860ed",
          "size": 220623,
          "path": "org/lwjgl/lwjgl-jemalloc/3.2.2/lwjgl-jemalloc-3.2.2-natives-windows.jar",
          "url": "https://libraries.minecraft.net/org/lwjgl/lwjgl-jemalloc/3.2.2/lwjgl-jemalloc-3.2.2-natives-windows.jar"
        }
      }
    },
    {
      "name": "org.lwjgl:lwjgl-openal:3.2.1",
      "rules": [
        {
          "action": "allow",
          "os": {
            "name": "osx"
          }
        }
      ],
      "natives": {
        "osx": "natives-macos"
      },
      "artifact": {
        "sha1": "dc7ff2dabb40a141ee9bf2e326d9b1b19f3278fb",
        "size": 80103,
        "path": "org/lwjgl/lwjgl-openal/3.2.1/lwjgl-openal-3.2.1.jar",
        "url": "https://libraries.minecraft.net/org/lwjgl/lwjgl-openal/3.2.1/lwjgl-openal-3.2.1.jar"
      },
      "classifies": {
        "javadoc": {
          "sha1": "95752f443686da1b3443e397dc83e730e1907a1e",
          "size": 617869,
          "path": "org/lwjgl/lwjgl-openal/3.2.1/lwjgl-openal-3.2.1-javadoc.jar",
          "url": "https://libraries.minecraft.net/org/lwjgl/lwjgl-openal/3.2.1/lwjgl-openal-3.2.1-javadoc.jar"
        },
        "linux": {
          "sha1": "bcd4be67863dd908f696f628c3ca9f6eb9ae5152",
          "size": 590716,
          "path": "org/lwjgl/lwjgl-openal/3.2.1/lwjgl-openal-3.2.1-natives-linux.jar",
          "url": "https://libraries.minecraft.net/org/lwjgl/lwjgl-openal/3.2.1/lwjgl-openal-3.2.1-natives-linux.jar"
        },
        "osx": {
          "sha1": "9357ebfc82a0d6f64e17093dd963219367cd6fa2",
          "size": 528004,
          "path": "org/lwjgl/lwjgl-openal/3.2.1/lwjgl-openal-3.2.1-natives-macos.jar",
          "url": "https://libraries.minecraft.net/org/lwjgl/lwjgl-openal/3.2.1/lwjgl-openal-3.2.1-natives-macos.jar"
        },
        "windows": {
          "sha1": "92fb931e65c637cea209ad5c3ffebd1b325ed41d",
          "size": 1310083,
          "path": "org/lwjgl/lwjgl-openal/3.2.1/lwjgl-openal-3.2.1-natives-windows.jar",
          "url": "https://libraries.minecraft.net/org/lwjgl/lwjgl-openal/3.2.1/lwjgl-openal-3.2.1-natives-windows.jar"
        },
        "sources": {
          "sha1": "8fe3d6e6353685164b1eb3a22980aaa1115d4a32",
          "size": 78379,
          "path": "org/lwjgl/lwjgl-openal/3.2.1/lwjgl-openal-3.2.1-sources.jar",
          "url": "https://libraries.minecraft.net/org/lwjgl/lwjgl-openal/3.2.1/lwjgl-openal-3.2.1-sources.jar"
        }
      }
    },
    {
      "name": "org.lwjgl:lwjgl-openal:3.2.2",
      "rules": [
        {
          "action": "allow"
        },
        {
          "action": "disallow",
          "os": {
            "name": "osx"
          }
        }
      ],
      "natives": {
        "linux": "natives-linux",
        "windows": "natives-windows"
      },
      "artifact": {
        "sha1": "2b772a102b0a11ee5f2109a5b136f4dc7c630827",
        "size": 80012,
        "path": "org/lwjgl/lwjgl-openal/3.2.2/lwjgl-openal-3.2.2.jar",
        "url": "https://libraries.minecraft.net/org/lwjgl/lwjgl-openal/3.2.2/lwjgl-openal-3.2.2.jar"
      },
      "classifies": {
        "linux": {
          "sha1": "0364f9f5c3947393083ab5f37a571f5603aadd0b",
          "size": 590997,
          "path": "org/lwjgl/lwjgl-openal/3.2.2/lwjgl-openal-3.2.2-natives-linux.jar",
          "url": "https://libraries.minecraft.net/org/lwjgl/lwjgl-openal/3.2.2/lwjgl-openal-3.2.2-natives-linux.jar"
        },
        "osx": {
          "sha1": "a97b6345d5a9ddf889e262bd7ad8eed43b1bb063",
          "size": 528006,
          "path": "org/lwjgl/lwjgl-openal/3.2.2/lwjgl-openal-3.2.2-natives-macos.jar",
          "url": "https://libraries.minecraft.net/org/lwjgl/lwjgl-openal/3.2.2/lwjgl-openal-3.2.2-natives-macos.jar"
        },
        "windows": {
          "sha1": "ec20a7d42a2438528fca87e60b1705f1e2339ddb",
          "size": 1310102,
          "path": "org/lwjgl/lwjgl-openal/3.2.2/lwjgl-openal-3.2.2-natives-windows.jar",
          "url": "https://libraries.minecraft.net/org/lwjgl/lwjgl-openal/3.2.2/lwjgl-openal-3.2.2-natives-windows.jar"
        }
      }
    },
    {
      "name": "org.lwjgl:lwjgl-opengl:3.2.1",
      "rules": [
        {
          "action": "allow",
          "os": {
            "name": "osx"
          }
        }
      ],
      "natives": {
        "osx": "natives-macos"
      },
      "artifact": {
        "sha1": "57008c2374c5bc434b18adfef3f3653ee450ee18",
        "size": 931322,
        "path": "org/lwjgl/lwjgl-opengl/3.2.1/lwjgl-opengl-3.2.1.jar",
        "url": "https://libraries.minecraft.net/org/lwjgl/lwjgl-opengl/3.2.1/lwjgl-opengl-3.2.1.jar"
      },
      "classifies": {
        "javadoc": {
          "sha1": "e25fc8cbcbee68182a6b7f13ad71b1f0961005ad",
          "size": 4307561,
          "path": "org/lwjgl/lwjgl-opengl/3.2.1/lwjgl-opengl-3.2.1-javadoc.jar",
          "url": "https://libraries.minecraft.net/org/lwjgl/lwjgl-opengl/3.2.1/lwjgl-opengl-3.2.1-javadoc.jar"
        },
        "linux": {
          "sha1": "c43bb08ed7dcf1a6d344803e464148b3b14dd274",
          "size": 77401,
          "path": "org/lwjgl/lwjgl-opengl/3.2.1/lwjgl-opengl-3.2.1-natives-linux.jar",
          "url": "https://libraries.minecraft.net/org/lwjgl/lwjgl-opengl/3.2.1/lwjgl-opengl-3.2.1-natives-linux.jar"
        },
        "osx": {
          "sha1": "dca9ad9e59a87172144d531e08ef7f6988073db0",
          "size": 38998,
          "path": "org/lwjgl/lwjgl-opengl/3.2.1/lwjgl-opengl-3.2.1-natives-macos.jar",
          "url": "https://libraries.minecraft.net/org/lwjgl/lwjgl-opengl/3.2.1/lwjgl-opengl-3.2.1-natives-macos.jar"
        },
        "windows": {
          "sha1": "80954961b31084d7b4f2f041d6b5a799a774c880",
          "size": 170804,
          "path": "org/lwjgl/lwjgl-opengl/3.2.1/lwjgl-opengl-3.2.1-natives-windows.jar",
          "url": "https://libraries.minecraft.net/org/lwjgl/lwjgl-opengl/3.2.1/lwjgl-opengl-3.2.1-natives-windows.jar"
        },
        "sources": {
          "sha1": "47930ffbef53c0f45c7e35c01b1c6ad5b2205809",
          "size": 1251582,
          "path": "org/lwjgl/lwjgl-opengl/3.2.1/lwjgl-opengl-3.2.1-sources.jar",
          "url": "https://libraries.minecraft.net/org/lwjgl/lwjgl-opengl/3.2.1/lwjgl-opengl-3.2.1-sources.jar"
        }
      }
    },
    {
      "name": "org.lwjgl:lwjgl-opengl:3.2.2",
      "rules": [
        {
          "action": "allow"
        },
        {
          "action": "disallow",
          "os": {
            "name": "osx"
          }
        }
      ],
      "natives": {
        "linux": "natives-linux",
        "windows": "natives-windows"
      },
      "artifact": {
        "sha1": "6ac5bb88b44c43ea195a570aab059f63da004cd8",
        "size": 929780,
        "path": "org/lwjgl/lwjgl-opengl/3.2.2/lwjgl-opengl-3.2.2.jar",
        "url": "https://libraries.minecraft.net/org/lwjgl/lwjgl-opengl/3.2.2/lwjgl-opengl-3.2.2.jar"
      },
      "classifies": {
        "linux": {
          "sha1": "338d33387919cb3f4cdba143c2b738a71ccfda60",
          "size": 77392,
          "path": "org/lwjgl/lwjgl-opengl/3.2.2/lwjgl-opengl-3.2.2-natives-linux.jar",
          "url": "https://libraries.minecraft.net/org/lwjgl/lwjgl-opengl/3.2.2/lwjgl-opengl-3.2.2-natives-linux.jar"
        },
        "osx": {
          "sha1": "cf4f43e69ee70d8ebfbb6ba93dec9016339e4fdc",
          "size": 38989,
          "path": "org/lwjgl/lwjgl-opengl/3.2.2/lwjgl-opengl-3.2.2-natives-macos.jar",
          "url": "https://libraries.minecraft.net/org/lwjgl/lwjgl-opengl/3.2.2/lwjgl-opengl-3.2.2-natives-macos.jar"
        },
        "windows": {
          "sha1": "d8dcdc91066cae2d2d8279cb4a9f9f05d9525826",
          "size": 170798,
          "path": "org/lwjgl/lwjgl-opengl/3.2.2/lwjgl-opengl-3.2.2-natives-windows.jar",
          "url": "https://libraries.minecraft.net/org/lwjgl/lwjgl-opengl/3.2.2/lwjgl-opengl-3.2.2-natives-windows.jar"
        }
      }
    },
    {
      "name": "org.lwjgl:lwjgl-glfw:3.2.1",
      "rules": [
        {
          "action": "allow",
          "os": {
            "name": "osx"
          }
        }
      ],
      "natives": {
        "osx": "natives-macos"
      },
      "artifact": {
        "sha1": "027abb7f64894b61cad163791acd8113f0b21296",
        "size": 116708,
        "path": "org/lwjgl/lwjgl-glfw/3.2.1/lwjgl-glfw-3.2.1.jar",
        "url": "https://libraries.minecraft.net/org/lwjgl/lwjgl-glfw/3.2.1/lwjgl-glfw-3.2.1.jar"
      },
      "classifies": {
        "javadoc": {
          "sha1": "81482a14b617e4fb0c7de69b3e06ef2e28ef894f",
          "size": 690774,
          "path": "org/lwjgl/lwjgl-glfw/3.2.1/lwjgl-glfw-3.2.1-javadoc.jar",
          "url": "https://libraries.minecraft.net/org/lwjgl/lwjgl-glfw/3.2.1/lwjgl-glfw-3.2.1-javadoc.jar"
        },
        "linux": {
          "sha1": "5a2fb27f9e12a34ecabf6f6a7606c61849e347ee",
          "size": 157431,
          "path": "org/lwjgl/lwjgl-glfw/3.2.1/lwjgl-glfw-3.2.1-natives-linux.jar",
          "url": "https://libraries.minecraft.net/org/lwjgl/lwjgl-glfw/3.2.1/lwjgl-glfw-3.2.1-natives-linux.jar"
        },
        "osx": {
          "sha1": "72fe6dab6110a5a1cd4833f11840eef7b2eadce5",
          "size": 64724,
          "path": "org/lwjgl/lwjgl-glfw/3.2.1/lwjgl-glfw-3.2.1-natives-macos.jar",
          "url": "https://libraries.minecraft.net/org/lwjgl/lwjgl-glfw/3.2.1/lwjgl-glfw-3.2.1-natives-macos.jar"
        },
        "windows": {
          "sha1": "00def7c58ad2e1cb258d6d73be181ffab8ef8bd5",
          "size": 265304,
          "path": "org/lwjgl/lwjgl-glfw/3.2.1/lwjgl-glfw-3.2.1-natives-windows.jar",
          "url": "https://libraries.minecraft.net/org/lwjgl/lwjgl-glfw/3.2.1/lwjgl-glfw-3.2.1-natives-windows.jar"
        },
        "sources": {
          "sha1": "4c56ae817da75996b19601c87d7e759b846c3902",
          "size": 101885,
          "path": "org/lwjgl/lwjgl-glfw/3.2.1/lwjgl-glfw-3.2.1-sources.jar",
          "url": "https://libraries.minecraft.net/org/lwjgl/lwjgl-glfw/3.2.1/lwjgl-glfw-3.2.1-sources.jar"
        }
      }
    },
    {
      "name": "org.lwjgl:lwjgl-glfw:3.2.2",
      "rules": [
        {
          "action": "allow"
        },
        {
          "action": "disallow",
          "os": {
            "name": "osx"
          }
        }
      ],
      "natives": {
        "linux": "natives-linux",
        "windows": "natives-windows"
      },
      "artifact": {
        "sha1": "d3ad4df38e400b8afba1de63f84338809399df5b",
        "size": 108907,
        "path": "org/lwjgl/lwjgl-glfw/3.2.2/lwjgl-glfw-3.2.2.jar",
        "url": "https://libraries.minecraft.net/org/lwjgl/lwjgl-glfw/3.2.2/lwjgl-glfw-3.2.2.jar"
      },
      "classifies": {
        "linux": {
          "sha1": "0957733f26a6661d4883da0335f7ef46d3bbbd7d",
          "size": 159198,
          "path": "org/lwjgl/lwjgl-glfw/3.2.2/lwjgl-glfw-3.2.2-natives-linux.jar",
          "url": "https://libraries.minecraft.net/org/lwjgl/lwjgl-glfw/3.2.2/lwjgl-glfw-3.2.2-natives-linux.jar"
        },
        "osx": {
          "sha1": "98f745038d17ac3192fcd01dc44126b03ec1570d",
          "size": 67311,
          "path": "org/lwjgl/lwjgl-glfw/3.2.2/lwjgl-glfw-3.2.2-natives-macos.jar",
          "url": "https://libraries.minecraft.net/org/lwjgl/lwjgl-glfw/3.2.2/lwjgl-glfw-3.2.2-natives-macos.jar"
        },
        "windows": {
          "sha1": "dc6826d636bf796b33a49038c354210e661bfc17",
          "size": 266648,
          "path": "org/lwjgl/lwjgl-glfw/3.2.2/lwjgl-glfw-3.2.2-natives-windows.jar",
          "url": "https://libraries.minecraft.net/org/lwjgl/lwjgl-glfw/3.2.2/lwjgl-glfw-3.2.2-natives-windows.jar"
        }
      }
    },
    {
      "name": "org.lwjgl:lwjgl-stb:3.2.1",
      "rules": [
        {
          "action": "allow",
          "os": {
            "name": "osx"
          }
        }
      ],
      "natives": {
        "osx": "natives-macos"
      },
      "artifact": {
        "sha1": "31f5eb5fce3791d58ec898bc5c1867d76d781ba1",
        "size": 105765,
        "path": "org/lwjgl/lwjgl-stb/3.2.1/lwjgl-stb-3.2.1.jar",
        "url": "https://libraries.minecraft.net/org/lwjgl/lwjgl-stb/3.2.1/lwjgl-stb-3.2.1.jar"
      },
      "classifies": {
        "javadoc": {
          "sha1": "524d79537f840d6cfe50e030d24413933f0d464b",
          "size": 684972,
          "path": "org/lwjgl/lwjgl-stb/3.2.1/lwjgl-stb-3.2.1-javadoc.jar",
          "url": "https://libraries.minecraft.net/org/lwjgl/lwjgl-stb/3.2.1/lwjgl-stb-3.2.1-javadoc.jar"
        },
        "linux": {
          "sha1": "66e01b8036258619332cb452b970ca0a52db1a87",
          "size": 197208,
          "path": "org/lwjgl/lwjgl-stb/3.2.1/lwjgl-stb-3.2.1-natives-linux.jar",
          "url": "https://libraries.minecraft.net/org/lwjgl/lwjgl-stb/3.2.1/lwjgl-stb-3.2.1-natives-linux.jar"
        },
        "osx": {
          "sha1": "1f5615c952451c30afafba4a6e3ba4e1cd9e7f5c",
          "size": 192364,
          "path": "org/lwjgl/lwjgl-stb/3.2.1/lwjgl-stb-3.2.1-natives-macos.jar",
          "url": "https://libraries.minecraft.net/org/lwjgl/lwjgl-stb/3.2.1/lwjgl-stb-3.2.1-natives-macos.jar"
        },
        "windows": {
          "sha1": "d100bfd2b0d03223a043cfcb64a2dfd2bb7f4c61",
          "size": 454473,
          "path": "org/lwjgl/lwjgl-stb/3.2.1/lwjgl-stb-3.2.1-natives-windows.jar",
          "url": "https://libraries.minecraft.net/org/lwjgl/lwjgl-stb/3.2.1/lwjgl-stb-3.2.1-natives-windows.jar"
        },
        "sources": {
          "sha1": "50ac43d4c6ea5846f354f9576134c0f9264345c2",
          "size": 96479,
          "path": "org/lwjgl/lwjgl-stb/3.2.1/lwjgl-stb-3.2.1-sources.jar",
          "url": "https://libraries.minecraft.net/org/lwjgl/lwjgl-stb/3.2.1/lwjgl-stb-3.2.1-sources.jar"
        }
      }
    },
    {
      "name": "org.lwjgl:lwjgl-tinyfd:3.2.2",
      "rules": [
        {
          "action": "allow"
        },
        {
          "action": "disallow",
          "os": {
            "name": "osx"
          }
        }
      ],
      "natives": {
        "linux": "natives-linux",
        "windows": "natives-windows"
      },
      "artifact": {
        "sha1": "fcbe606c8f8da6f8f9a05e2c540eb1ee8632b0e9",
        "size": 7092,
        "path": "org/lwjgl/lwjgl-tinyfd/3.2.2/lwjgl-tinyfd-3.2.2.jar",
        "url": "https://libraries.minecraft.net/org/lwjgl/lwjgl-tinyfd/3.2.2/lwjgl-tinyfd-3.2.2.jar"
      },
      "classifies": {
        "javadoc": {
          "sha1": "ba657a222ee267b75fa81ae5ab29ae29b50f725f",
          "size": 368913,
          "path": "org/lwjgl/lwjgl-tinyfd/3.2.2/lwjgl-tinyfd-3.2.2-javadoc.jar",
          "url": "https://libraries.minecraft.net/org/lwjgl/lwjgl-tinyfd/3.2.2/lwjgl-tinyfd-3.2.2-javadoc.jar"
        },
        "linux": {
          "sha1": "39e35b161c130635d9c8918ce04e887a30c5b687",
          "size": 38804,
          "path": "org/lwjgl/lwjgl-tinyfd/3.2.2/lwjgl-tinyfd-3.2.2-natives-linux.jar",
          "url": "https://libraries.minecraft.net/org/lwjgl/lwjgl-tinyfd/3.2.2/lwjgl-tinyfd-3.2.2-natives-linux.jar"
        },
        "osx": {
          "sha1": "46d0798228b8a28e857a2a0f02310fd6ba2a4eab",
          "size": 42136,
          "path": "org/lwjgl/lwjgl-tinyfd/3.2.2/lwjgl-tinyfd-3.2.2-natives-macos.jar",
          "url": "https://libraries.minecraft.net/org/lwjgl/lwjgl-tinyfd/3.2.2/lwjgl-tinyfd-3.2.2-natives-macos.jar"
        },
        "windows": {
          "sha1": "e9115958773644e863332a6a06488d26f9e1fc9f",
          "size": 208314,
          "path": "org/lwjgl/lwjgl-tinyfd/3.2.2/lwjgl-tinyfd-3.2.2-natives-windows.jar",
          "url": "https://libraries.minecraft.net/org/lwjgl/lwjgl-tinyfd/3.2.2/lwjgl-tinyfd-3.2.2-natives-windows.jar"
        },
        "sources": {
          "sha1": "2fe76dcf2ca02ae0e64ac7c69eb251c09df0e922",
          "size": 5034,
          "path": "org/lwjgl/lwjgl-tinyfd/3.2.2/lwjgl-tinyfd-3.2.2-sources.jar",
          "url": "https://libraries.minecraft.net/org/lwjgl/lwjgl-tinyfd/3.2.2/lwjgl-tinyfd-3.2.2-sources.jar"
        }
      }
    },
    {
      "name": "org.lwjgl:lwjgl-tinyfd:3.2.1",
      "rules": [
        {
          "action": "allow",
          "os": {
            "name": "osx"
          }
        }
      ],
      "natives": {
        "osx": "natives-macos"
      },
      "artifact": {
        "sha1": "259f1dbddb921e27e01b32458d6f584eb8bba13a",
        "size": 7088,
        "path": "org/lwjgl/lwjgl-tinyfd/3.2.1/lwjgl-tinyfd-3.2.1.jar",
        "url": "https://libraries.minecraft.net/org/lwjgl/lwjgl-tinyfd/3.2.1/lwjgl-tinyfd-3.2.1.jar"
      },
      "classifies": {
        "javadoc": {
          "sha1": "0a85d995178cdab6b94d9a172dd9e7d2a0d70cfb",
          "size": 368913,
          "path": "org/lwjgl/lwjgl-tinyfd/3.2.1/lwjgl-tinyfd-3.2.1-javadoc.jar",
          "url": "https://libraries.minecraft.net/org/lwjgl/lwjgl-tinyfd/3.2.1/lwjgl-tinyfd-3.2.1-javadoc.jar"
        },
        "linux": {
          "sha1": "4ad49108397322596d7b85c2c687e5de6ee52157",
          "size": 38192,
          "path": "org/lwjgl/lwjgl-tinyfd/3.2.1/lwjgl-tinyfd-3.2.1-natives-linux.jar",
          "url": "https://libraries.minecraft.net/org/lwjgl/lwjgl-tinyfd/3.2.1/lwjgl-tinyfd-3.2.1-natives-linux.jar"
        },
        "osx": {
          "sha1": "759c2fd9cc5c6ce0b5b7af77ac8200483b7fb660",
          "size": 41962,
          "path": "org/lwjgl/lwjgl-tinyfd/3.2.1/lwjgl-tinyfd-3.2.1-natives-macos.jar",
          "url": "https://libraries.minecraft.net/org/lwjgl/lwjgl-tinyfd/3.2.1/lwjgl-tinyfd-3.2.1-natives-macos.jar"
        },
        "windows": {
          "sha1": "85750d2ca022852e15f58c0b94b3d1d4e7f0ba52",
          "size": 207577,
          "path": "org/lwjgl/lwjgl-tinyfd/3.2.1/lwjgl-tinyfd-3.2.1-natives-windows.jar",
          "url": "https://libraries.minecraft.net/org/lwjgl/lwjgl-tinyfd/3.2.1/lwjgl-tinyfd-3.2.1-natives-windows.jar"
        },
        "sources": {
          "sha1": "c375699fd794c4c87d935e0f9a84e7d80d0de77e",
          "size": 5034,
          "path": "org/lwjgl/lwjgl-tinyfd/3.2.1/lwjgl-tinyfd-3.2.1-sources.jar",
          "url": "https://libraries.minecraft.net/org/lwjgl/lwjgl-tinyfd/3.2.1/lwjgl-tinyfd-3.2.1-sources.jar"
        }
      }
    },
    {
      "name": "org.lwjgl:lwjgl-stb:3.2.2",
      "rules": [
        {
          "action": "allow"
        },
        {
          "action": "disallow",
          "os": {
            "name": "osx"
          }
        }
      ],
      "natives": {
        "linux": "natives-linux",
        "windows": "natives-windows"
      },
      "artifact": {
        "sha1": "3b8e6ebc5851dd3d17e37e5cadce2eff2a429f0f",
        "size": 104469,
        "path": "org/lwjgl/lwjgl-stb/3.2.2/lwjgl-stb-3.2.2.jar",
        "url": "https://libraries.minecraft.net/org/lwjgl/lwjgl-stb/3.2.2/lwjgl-stb-3.2.2.jar"
      },
      "classifies": {
        "linux": {
          "sha1": "172c52e586fecf43f759bc4f70a778c01f6fdcc1",
          "size": 203476,
          "path": "org/lwjgl/lwjgl-stb/3.2.2/lwjgl-stb-3.2.2-natives-linux.jar",
          "url": "https://libraries.minecraft.net/org/lwjgl/lwjgl-stb/3.2.2/lwjgl-stb-3.2.2-natives-linux.jar"
        },
        "osx": {
          "sha1": "ee059b129b09fdecbd8595273926ae930bf5a5d7",
          "size": 196796,
          "path": "org/lwjgl/lwjgl-stb/3.2.2/lwjgl-stb-3.2.2-natives-macos.jar",
          "url": "https://libraries.minecraft.net/org/lwjgl/lwjgl-stb/3.2.2/lwjgl-stb-3.2.2-natives-macos.jar"
        },
        "windows": {
          "sha1": "811f705cbb29e8ae8d60bdf8fdd38c0c123ad3ef",
          "size": 465810,
          "path": "org/lwjgl/lwjgl-stb/3.2.2/lwjgl-stb-3.2.2-natives-windows.jar",
          "url": "https://libraries.minecraft.net/org/lwjgl/lwjgl-stb/3.2.2/lwjgl-stb-3.2.2-natives-windows.jar"
        }
      }
    },
    {
      "name": "com.mojang:text2speech:1.11.3",
      "artifact": {
        "sha1": "f378f889797edd7df8d32272c06ca80a1b6b0f58",
        "size": 13164,
        "path": "com/mojang/text2speech/1.11.3/text2speech-1.11.3.jar",
        "url": "https://libraries.minecraft.net/com/mojang/text2speech/1.11.3/text2speech-1.11.3.jar"
      }
    },
    {
      "name": "com.mojang:text2speech:1.11.3",
      "natives": {
        "linux": "natives-linux",
        "windows": "natives-windows"
      },
      "extract": {
        "exclude": [
          "META-INF/"
        ]
      },
      "artifact": {
        "sha1": "f378f889797edd7df8d32272c06ca80a1b6b0f58",
        "size": 13164,
        "path": "com/mojang/text2speech/1.11.3/text2speech-1.11.3.jar",
        "url": "https://libraries.minecraft.net/com/mojang/text2speech/1.11.3/text2speech-1.11.3.jar"
      },
      "classifies": {
        "linux": {
          "sha1": "ac641755a2a841d1fca9e660194f42523ee5cfe0",
          "size": 7833,
          "path": "com/mojang/text2speech/1.11.3/text2speech-1.11.3-natives-linux.jar",
          "url": "https://libraries.minecraft.net/com/mojang/text2speech/1.11.3/text2speech-1.11.3-natives-linux.jar"
        },
        "windows": {
          "sha1": "c0b242c0091be5acbf303263c7eeeaedd70544c7",
          "size": 81379,
          "path": "com/mojang/text2speech/1.11.3/text2speech-1.11.3-natives-windows.jar",
          "url": "https://libraries.minecraft.net/com/mojang/text2speech/1.11.3/text2speech-1.11.3-natives-windows.jar"
        },
        "sources": {
          "sha1": "772a37dd77417571e6f119a8d306f0c14c2ee410",
          "size": 5332,
          "path": "com/mojang/text2speech/1.11.3/text2speech-1.11.3-sources.jar",
          "url": "https://libraries.minecraft.net/com/mojang/text2speech/1.11.3/text2speech-1.11.3-sources.jar"
        }
      }
    },
    {
      "name": "ca.weblite:java-objc-bridge:1.0.0",
      "rules": [
        {
          "action": "allow",
          "os": {
            "name": "osx"
          }
        }
      ],
      "natives": {
        "osx": "natives-osx"
      },
      "extract": {
        "exclude": [
          "META-INF/"
        ]
      },
      "artifact": {
        "sha1": "6ef160c3133a78de015830860197602ca1c855d3",
        "size": 40502,
        "path": "ca/weblite/java-objc-bridge/1.0.0/java-objc-bridge-1.0.0.jar",
        "url": "https://libraries.minecraft.net/ca/weblite/java-objc-bridge/1.0.0/java-objc-bridge-1.0.0.jar"
      },
      "classifies": {
        "javadoc": {
          "sha1": "fb0092f22cb4fe8e631452f577b7a238778abf2a",
          "size": 174060,
          "path": "ca/weblite/java-objc-bridge/1.0.0/java-objc-bridge-1.0.0-javadoc.jar",
          "url": "https://libraries.minecraft.net/ca/weblite/java-objc-bridge/1.0.0/java-objc-bridge-1.0.0-javadoc.jar"
        },
        "osx": {
          "sha1": "08befab4894d55875f33c3d300f4f71e6e828f64",
          "size": 5629,
          "path": "ca/weblite/java-objc-bridge/1.0.0/java-objc-bridge-1.0.0-natives-osx.jar",
          "url": "https://libraries.minecraft.net/ca/weblite/java-objc-bridge/1.0.0/java-objc-bridge-1.0.0-natives-osx.jar"
        },
        "sources": {
          "sha1": "865837a198189aee737019561ece842827f24278",
          "size": 43283,
          "path": "ca/weblite/java-objc-bridge/1.0.0/java-objc-bridge-1.0.0-sources.jar",
          "url": "https://libraries.minecraft.net/ca/weblite/java-objc-bridge/1.0.0/java-objc-bridge-1.0.0-sources.jar"
        }
      }
    },
    {
      "name": "ca.weblite:java-objc-bridge:1.0.0",
      "rules": [
        {
          "action": "allow",
          "os": {
            "name": "osx"
          }
        }
      ],
      "artifact": {
        "sha1": "6ef160c3133a78de015830860197602ca1c855d3",
        "size": 40502,
        "path": "ca/weblite/java-objc-bridge/1.0.0/java-objc-bridge-1.0.0.jar",
        "url": "https://libraries.minecraft.net/ca/weblite/java-objc-bridge/1.0.0/java-objc-bridge-1.0.0.jar"
      }
    }
  ],
  "assetIndex": {
    "id": "1.18",
    "totalSize": 466558267,
    "size": 348330,
    "url": "https://launchermeta.mojang.com/v1/packages/7fcda714d4a391a711ce434fa1dbbebe73ecf179/1.18.json"
  },
  "downloads": {
    "client": {
      "sha1": "7e46fb47609401970e2818989fa584fd467cd036",
      "size": 20042090,
      "url": "https://launcher.mojang.com/v1/objects/7e46fb47609401970e2818989fa584fd467cd036/client.jar"
    },
    "server": {
      "sha1": "125e5adf40c659fd3bce3e66e67a16bb49ecc1b9",
      "size": 46324407,
      "url": "https://launcher.mojang.com/v1/objects/125e5adf40c659fd3bce3e66e67a16bb49ecc1b9/server.jar"
    },
    "client_mappings": {
      "sha1": "99ade839eacf69b8bed88c91bd70ca660aee47bb",
      "size": 6611464,
      "url": "https://launcher.mojang.com/v1/objects/99ade839eacf69b8bed88c91bd70ca660aee47bb/client.txt"
    },
    "server_mappings": {
      "sha1": "9717df2acd926bd4a9a7b2ce5f981bb7e4f7f04a",
      "size": 5115621,
      "url": "https://launcher.mojang.com/v1/objects/9717df2acd926bd4a9a7b2ce5f981bb7e4f7f04a/server.txt"
    }
  },
  "javaVersion": {
    "component": "java-runtime-beta",
    "majorVersion": 17.0
  },
  "logging": {
    "client": {
      "argument": "-Dlog4j.configurationFile=${path}",
      "file": {
        "id": "client-1.12.xml",
        "sha1": "bd65e7d2e3c237be76cfbef4c2405033d7f91521",
        "size": 888,
        "url": "https://launcher.mojang.com/v1/objects/bd65e7d2e3c237be76cfbef4c2405033d7f91521/client-1.12.xml"
      },
      "type": "log4j2-xml"
    }
  }
}