{
  "activateSkinCapeForUserVersion": false,
  "additionalFiles": [
    {
      "sha1": "168c60ab103cc39bbe50bf789fc192f1e8694d6c",
      "size": 10726184,
      "path": "libraries/net/minecraft/client/1.18.1-20211210.034407/client-1.18.1-20211210.034407-slim.jar",
      "url": "http://res.tlauncher.org/unb/libraries/cache/net/minecraft/client/1.18.1-20211210.034407/client-1.18.1-20211210.034407-slim.jar"
    },
    {
      "sha1": "99ade839eacf69b8bed88c91bd70ca660aee47bb",
      "size": 6611464,
      "path": "libraries/net/minecraft/client/1.18.1-20211210.034407/client-1.18.1-20211210.034407-mappings.txt",
      "url": "http://res.tlauncher.org/unb/libraries/cache/net/minecraft/client/1.18.1-20211210.034407/client-1.18.1-20211210.034407-mappings.txt"
    },
    {
      "sha1": "c991d06afa4d01eb1176e42aff23866995ec3dfa",
      "size": 9315928,
      "path": "libraries/net/minecraft/client/1.18.1-20211210.034407/client-1.18.1-20211210.034407-extra.jar",
      "url": "http://res.tlauncher.org/unb/libraries/cache/net/minecraft/client/1.18.1-20211210.034407/client-1.18.1-20211210.034407-extra.jar"
    },
    {
      "sha1": "bc80277c2b445af0edceafd9eb8c2ddaf8833a08",
      "size": 15894545,
      "path": "libraries/net/minecraft/client/1.18.1-20211210.034407/client-1.18.1-20211210.034407-srg.jar",
      "url": "http://res.tlauncher.org/unb/libraries/cache/net/minecraft/client/1.18.1-20211210.034407/client-1.18.1-20211210.034407-srg.jar"
    },
    {
      "sha1": "3b0c9a08371e5d15bbe85d10cfe23a1fb229bd43",
      "size": 5106249,
      "path": "libraries/net/minecraftforge/forge/1.18.1-39.1.2/forge-1.18.1-39.1.2-client.jar",
      "url": "http://res.tlauncher.org/unb/libraries/cache/net/minecraftforge/forge/1.18.1-39.1.2/forge-1.18.1-39.1.2-client.jar"
    },
    {
      "sha1": "9b71e0f5b7ceef3f70dc5de2f9721975de7a94e2",
      "size": 2622108,
      "path": "libraries/net/minecraftforge/forge/1.18.1-39.1.2/forge-1.18.1-39.1.2-universal.jar",
      "url": "http://res.tlauncher.org/unb/libraries/cache/net/minecraftforge/forge/1.18.1-39.1.2/forge-1.18.1-39.1.2-universal.jar"
    },
    {
      "sha1": "3d7ff7ca6899c79c32bd099963f4bc8d34ba58f8",
      "size": 109702,
      "path": "libraries/net/minecraftforge/fmlcore/1.18.1-39.1.2/fmlcore-1.18.1-39.1.2.jar",
      "url": "http://res.tlauncher.org/unb/libraries/cache/net/minecraftforge/fmlcore/1.18.1-39.1.2/fmlcore-1.18.1-39.1.2.jar"
    },
    {
      "sha1": "b352c14baa73757733127753063e5f11a6e40850",
      "size": 16293,
      "path": "libraries/net/minecraftforge/javafmllanguage/1.18.1-39.1.2/javafmllanguage-1.18.1-39.1.2.jar",
      "url": "http://res.tlauncher.org/unb/libraries/cache/net/minecraftforge/javafmllanguage/1.18.1-39.1.2/javafmllanguage-1.18.1-39.1.2.jar"
    },
    {
      "sha1": "5da05513d2dd0706e4b90a671f708c7bb4164192",
      "size": 4985,
      "path": "libraries/net/minecraftforge/mclanguage/1.18.1-39.1.2/mclanguage-1.18.1-39.1.2.jar",
      "url": "http://res.tlauncher.org/unb/libraries/cache/net/minecraftforge/mclanguage/1.18.1-39.1.2/mclanguage-1.18.1-39.1.2.jar"
    }
  ],
  "tlauncherVersion": 0,
  "modpack": {
    "modpackMemory": false,
    "memory": 0,
    "id": -2423379901434700,
    "name": "MDG Server 1.18.1",
    "version": {
      "mods": [
        {
          "stateGameElement": "active",
          "id": 10000020,
          "name": "TL skin and cape",
          "version": {
            "id": 11001976,
            "name": "1.23",
            "metadata": {
              "sha1": "6a2e0e2c007fc7d4b57782bde25676cd25b09707",
              "size": 481170,
              "path": "mods/tl_skin_cape_forge_1.18_1.18.1-1.23.jar",
              "url": "/mods/10000020/11001976/tl_skin_cape_forge_1.18_1.18.1-1.23.jar"
            }
          },
          "userInstall": false,
          "populateStatus": false
        },
        {
          "id": 351725,
          "name": "Macaw's Bridges",
          "version": {
            "id": 3561175,
            "name": "[2.0.1  1.18.1]",
            "metadata": {
              "sha1": "1857336202ac41b041ee0d3d28245f10355a65f6",
              "size": 660889,
              "path": "mods/mcw-bridges-2.0.1-mc1.18.1.jar",
              "url": "/mods/351725/3561175/mcw-bridges-2.0.1-mc1.18.1.jar"
            }
          },
          "userInstall": false,
          "populateStatus": false
        },
        {
          "id": 238222,
          "name": "Just Enough Items (JEI)",
          "version": {
            "id": 3564511,
            "name": "jei-1.18.1-9.1.0.43",
            "metadata": {
              "sha1": "2197550e3ae1c0b76e62fc8e18e2a5ce57da2d55",
              "size": 838574,
              "path": "mods/jei-1.18.1-9.1.0.43.jar",
              "url": "/mods/238222/3564511/jei-1.18.1-9.1.0.43.jar"
            }
          },
          "userInstall": false,
          "populateStatus": false
        },
        {
          "id": 263420,
          "name": "Xaero's Minimap",
          "version": {
            "id": 3562421,
            "name": "v21.22.5 for Forge 1.18.x",
            "metadata": {
              "sha1": "c143d0ea4cf41cda733818737ff03203d8a38301",
              "size": 1103555,
              "path": "mods/Xaeros_Minimap_21.22.5_Forge_1.18.jar",
              "url": "/mods/263420/3562421/Xaeros_Minimap_21.22.5_Forge_1.18.jar"
            }
          },
          "userInstall": false,
          "populateStatus": false
        },
        {
          "id": 317780,
          "name": "Xaero's World Map",
          "version": {
            "id": 3562440,
            "name": "v1.18.7 for Forge 1.18",
            "metadata": {
              "sha1": "0ee6fc49dd17a944e503aac2ab927b7ff2631894",
              "size": 529702,
              "path": "mods/XaerosWorldMap_1.18.7_Forge_1.18.jar",
              "url": "/mods/317780/3562440/XaerosWorldMap_1.18.7_Forge_1.18.jar"
            }
          },
          "userInstall": false,
          "populateStatus": false
        },
        {
          "id": 352835,
          "name": "Backpacked",
          "version": {
            "id": 3626102,
            "name": "2.0.4",
            "metadata": {
              "sha1": "8793d6c4e610682f8be18d468dbc89686a586694",
              "size": 228122,
              "path": "mods/backpacked-2.0.4-1.18.1.jar",
              "url": "/mods/352835/3626102/backpacked-2.0.4-1.18.1.jar"
            }
          },
          "userInstall": false,
          "populateStatus": false,
          "dependencies": [
            {
              "gameType": "mod",
              "id": 459701,
              "dependencyType": "optional"
            },
            {
              "gameType": "mod",
              "id": 457570,
              "dependencyType": "optional"
            }
          ]
        },
        {
          "id": 349559,
          "name": "FallingTree (Forge&Fabric)",
          "version": {
            "id": 3562131,
            "name": "1.18.1-2.16.0",
            "metadata": {
              "sha1": "b667a0406a7f43fc154bce9f200f407f0061c8d0",
              "size": 1214904,
              "path": "mods/FallingTree-1.18.1-2.16.0.jar",
              "url": "/mods/349559/3562131/FallingTree-1.18.1-2.16.0.jar"
            }
          },
          "userInstall": false,
          "populateStatus": false,
          "dependencies": [
            {
              "gameType": "mod",
              "id": 308702,
              "dependencyType": "optional"
            },
            {
              "gameType": "mod",
              "id": 306612,
              "dependencyType": "optional"
            },
            {
              "gameType": "mod",
              "id": 319057,
              "dependencyType": "optional"
            }
          ]
        }
      ],
      "resourcePacks": [],
      "maps": [],
      "shaderpacks": [],
      "forgeVersion": "39.1.2",
      "gameVersion": "1.18.1",
      "id": -2423379901436301,
      "name": "1.0"
    },
    "userInstall": false,
    "populateStatus": false
  },
  "source": "local_version_repo",
  "jar": "1.18.1",
  "skinVersion": true
}